id,firstName,email,age
2,Pedro,juan@juan.com,19
3,TestUser1,testuser@example.com,19
5,TestUser2,testuser2@example.com,19
6,Linda,Tina.Kuhlman7@gmail.com,45
7,Alicia,Kelsie.Graham74@hotmail.com,10
8,Trevor,Susanna.Torphy@gmail.com,1
9,Matilda,Jaylan3@yahoo.com,14
10,Ruthe,Dorcas_Dickens@gmail.com,12
11,Manley,May_Kling@yahoo.com,37
12,Chelsie,Jeff.Jacobi@yahoo.com,75
13,Nils,Maurine.Hermiston@hotmail.com,41
14,Jeanie,Alvah72@hotmail.com,92
15,Isac,Rocky.Hintz@gmail.com,80
16,Ned,Beth_Sipes@yahoo.com,49
17,Jannie,Adrianna.Feil7@yahoo.com,44
18,Benjamin,Tristian_Bruen@gmail.com,33
19,Geovany,Domenica_OKon54@gmail.com,87
20,Jaiden,Wilber_Hudson77@yahoo.com,60
21,Brandi,Pietro66@yahoo.com,66
22,Rodrigo,Deborah.Nader43@hotmail.com,56
23,Makenna,Maybell77@yahoo.com,90
24,Horacio,Alford.Windler15@hotmail.com,51
25,Aryanna,Vernie.Kassulke53@yahoo.com,96
26,Elaina,Erika_Gorczany@gmail.com,75
27,Alessandro,Kaelyn.Goldner-Kulas@yahoo.com,63
28,Esperanza,Lydia.Gislason28@yahoo.com,16
29,Sally,Antwon_Grady@yahoo.com,40
30,Vince,Esther.Stark@hotmail.com,55
31,Vincenza,Sheldon_Schowalter@gmail.com,24
32,Jodie,Marcelle_Hodkiewicz@hotmail.com,62